                  epoch,         train/box_loss,         train/cls_loss,         train/dfl_loss,   metrics/precision(B),      metrics/recall(B),       metrics/mAP50(B),    metrics/mAP50-95(B),           val/box_loss,           val/cls_loss,           val/dfl_loss,                 lr/pg0,                 lr/pg1,                 lr/pg2
                      1,                 4.0887,                 5.0685,                 4.0604,                0.00027,                0.04782,                0.00021,                  6e-05,                 3.8474,                 4.5989,                 3.6887,             0.00025433,             0.00025433,             0.00025433
                      2,                 3.8851,                 4.4481,                 3.5617,                0.00076,                0.06376,                0.00069,                0.00019,                 3.7156,                 3.8825,                 3.5226,             0.00050814,             0.00050814,             0.00050814
                      3,                 3.5051,                 4.3159,                 3.2112,                0.00372,                0.10224,                0.00503,                0.00127,                 3.2956,                 3.6536,                 3.2205,              0.0007594,              0.0007594,              0.0007594
                      4,                 3.2202,                 4.0154,                  2.911,                0.56947,                0.02434,                0.01317,                 0.0026,                 3.1866,                 3.5203,                 2.9533,             0.00075758,             0.00075758,             0.00075758
                      5,                 3.0993,                 3.7454,                 2.7012,                0.57382,                0.02689,                0.01043,                0.00285,                 3.1178,                 4.0236,                 2.7272,             0.00075377,             0.00075377,             0.00075377
                      6,                 3.0487,                 3.5839,                 2.5502,                0.00768,                0.12178,                0.01345,                0.00403,                 3.0243,                 3.5098,                 2.6841,             0.00074997,             0.00074997,             0.00074997
                      7,                 2.9661,                 3.4908,                 2.4587,                0.14555,                 0.1115,                0.02135,                0.00625,                  2.945,                 3.2621,                 2.5827,             0.00074616,             0.00074616,             0.00074616
                      8,                 2.9447,                  3.371,                 2.3734,                0.69759,                0.04614,                0.02623,                0.00758,                 2.9009,                 3.1669,                 2.4652,             0.00074235,             0.00074235,             0.00074235
                      9,                 2.8891,                 3.3145,                 2.3546,                0.48809,                0.08182,                0.02835,                0.00851,                 2.8961,                  3.084,                  2.466,             0.00073855,             0.00073855,             0.00073855
                     10,                 2.8811,                 3.2304,                 2.2834,                0.61278,                0.05508,                0.03638,                0.01007,                 2.8294,                 3.1083,                 2.4139,             0.00073474,             0.00073474,             0.00073474
                     11,                  2.841,                 3.1933,                 2.2376,                0.31938,                0.05591,                0.02343,                0.00705,                 2.8335,                 3.0429,                 2.4011,             0.00073093,             0.00073093,             0.00073093
                     12,                 2.7894,                 3.1349,                  2.237,                0.49895,                0.07975,                0.03635,                0.01233,                 2.7951,                 2.9891,                 2.3899,             0.00072713,             0.00072713,             0.00072713
                     13,                 2.7885,                 3.1185,                 2.2056,                0.73253,                0.07766,                0.04965,                0.01592,                 2.8333,                 3.1359,                 2.4307,             0.00072332,             0.00072332,             0.00072332
                     14,                  2.787,                 3.1461,                 2.1797,                0.40564,                0.08421,                0.05179,                0.01695,                 2.7613,                 2.9818,                 2.3287,             0.00071951,             0.00071951,             0.00071951
                     15,                 2.7691,                 3.0864,                 2.1662,                0.51643,                0.10167,                0.08327,                 0.0274,                 2.7539,                  2.992,                 2.3399,             0.00071571,             0.00071571,             0.00071571
                     16,                 2.7479,                  3.051,                 2.1372,                0.42364,                 0.0806,                0.06447,                0.02211,                 2.7321,                   3.05,                 2.3048,              0.0007119,              0.0007119,              0.0007119
                     17,                 2.7313,                 3.0192,                  2.129,                0.32201,                0.07059,                0.05791,                0.01859,                 2.7127,                 3.0424,                 2.3032,              0.0007081,              0.0007081,              0.0007081
                     18,                 2.7103,                 2.9835,                 2.1019,                0.44522,                0.09245,                0.06455,                0.02382,                 2.7169,                 2.9017,                 2.2818,             0.00070429,             0.00070429,             0.00070429
                     19,                 2.6976,                 2.9523,                 2.0968,                0.32948,                0.11278,                0.07642,                0.02476,                 2.6859,                 2.9159,                 2.2657,             0.00070048,             0.00070048,             0.00070048
                     20,                 2.6816,                 2.9491,                 2.0876,                0.35441,                0.09431,                  0.089,                0.03196,                 2.6792,                 2.9003,                 2.2644,             0.00069668,             0.00069668,             0.00069668
                     21,                 2.6898,                 2.9295,                 2.1025,                0.35664,                0.10955,                0.08425,                0.02919,                 2.6886,                  2.881,                 2.2489,             0.00069287,             0.00069287,             0.00069287
                     22,                 2.6719,                 2.9107,                 2.0874,                0.33037,                0.13793,                0.08834,                0.03294,                 2.6682,                 2.8767,                 2.2786,             0.00068906,             0.00068906,             0.00068906
                     23,                 2.6627,                 2.9079,                  2.055,                 0.3381,                0.13445,                0.08998,                0.03423,                 2.6717,                 2.8481,                 2.2303,             0.00068526,             0.00068526,             0.00068526
                     24,                 2.6616,                 2.8796,                 2.0585,                0.35187,                0.11604,                0.08008,                0.02812,                 2.6682,                 3.0192,                 2.3035,             0.00068145,             0.00068145,             0.00068145
                     25,                   2.64,                 2.8855,                 2.0544,                0.34236,                0.10327,                 0.0786,                0.02997,                  2.662,                 2.9053,                 2.2681,             0.00067764,             0.00067764,             0.00067764
                     26,                 2.6367,                 2.8398,                  2.052,                0.33883,                0.14857,                   0.09,                0.03605,                  2.609,                 2.7929,                 2.2184,             0.00067384,             0.00067384,             0.00067384
                     27,                 2.6111,                 2.8015,                 2.0027,                0.32481,                0.15928,                0.10341,                0.03944,                 2.6049,                 2.8401,                 2.1758,             0.00067003,             0.00067003,             0.00067003
                     28,                 2.6073,                 2.8093,                 2.0306,                0.37557,                0.13089,                0.11251,                0.04032,                  2.614,                 2.7646,                 2.1747,             0.00066622,             0.00066622,             0.00066622
                     29,                 2.6233,                 2.8045,                 2.0126,                0.33341,                0.16722,                0.09966,                0.03949,                 2.6173,                    2.8,                 2.1724,             0.00066242,             0.00066242,             0.00066242
                     30,                 2.5867,                 2.7646,                 1.9981,                0.24063,                0.18115,                0.09343,                0.03541,                  2.596,                  2.835,                 2.1555,             0.00065861,             0.00065861,             0.00065861
                     31,                 2.5876,                 2.7873,                 2.0105,                 0.3844,                0.13595,                 0.0944,                0.03877,                  2.611,                 2.8162,                 2.2035,              0.0006548,              0.0006548,              0.0006548
                     32,                 2.6031,                 2.7942,                 2.0082,                0.37016,                0.17184,                0.10487,                0.04064,                 2.5915,                 2.7016,                  2.154,               0.000651,               0.000651,               0.000651
                     33,                 2.5744,                 2.7545,                 1.9818,                0.35465,                0.15683,                0.11028,                0.04198,                 2.5864,                  2.707,                 2.1665,             0.00064719,             0.00064719,             0.00064719
                     34,                 2.5957,                 2.7582,                 1.9736,                0.34092,                0.14509,                0.10948,                0.04047,                 2.5617,                 2.7601,                 2.1187,             0.00064338,             0.00064338,             0.00064338
                     35,                 2.5719,                 2.7456,                 1.9794,                0.35887,                0.16468,                0.12557,                0.04677,                 2.5724,                 2.7429,                 2.1233,             0.00063958,             0.00063958,             0.00063958
                     36,                 2.5574,                 2.7524,                 1.9804,                0.48666,                0.13878,                0.10762,                0.04061,                 2.5915,                 2.7191,                 2.1617,             0.00063577,             0.00063577,             0.00063577
                     37,                 2.5758,                 2.7628,                 1.9607,                0.33524,                0.12877,                0.12556,                0.04594,                 2.5585,                 2.6979,                 2.1541,             0.00063196,             0.00063196,             0.00063196
                     38,                 2.5433,                 2.6779,                 1.9391,                0.38625,                0.16427,                0.12726,                0.04438,                 2.5444,                 2.6932,                 2.1489,             0.00062816,             0.00062816,             0.00062816
                     39,                 2.5531,                 2.6796,                 1.9617,                0.33467,                0.16191,                0.14622,                0.06017,                 2.5448,                 2.6725,                 2.1684,             0.00062435,             0.00062435,             0.00062435
                     40,                 2.5444,                 2.7072,                 1.9621,                0.33217,                0.18943,                0.13653,                0.04635,                 2.5603,                 2.7302,                 2.1366,             0.00062054,             0.00062054,             0.00062054
                     41,                 2.5428,                 2.6765,                 1.9493,                 0.2498,                0.19045,                0.12697,                0.04269,                 2.5767,                 2.7216,                 2.1629,             0.00061674,             0.00061674,             0.00061674
                     42,                 2.5389,                  2.658,                 1.9276,                0.23588,                0.16217,                  0.094,                0.03499,                 2.5328,                 2.6613,                 2.1324,             0.00061293,             0.00061293,             0.00061293
                     43,                 2.5178,                   2.66,                 1.9357,                0.23169,                0.19551,                0.13961,                0.04918,                 2.5288,                 2.7148,                 2.1559,             0.00060912,             0.00060912,             0.00060912
                     44,                 2.5254,                 2.6635,                 1.9489,                0.21679,                0.19224,                 0.1209,                0.04158,                 2.5454,                 2.6585,                 2.1266,             0.00060532,             0.00060532,             0.00060532
                     45,                 2.5184,                 2.6554,                 1.9338,                 0.2881,                0.18589,                 0.1341,                0.04891,                 2.5274,                 2.6477,                 2.1259,             0.00060151,             0.00060151,             0.00060151
                     46,                 2.5029,                 2.6385,                  1.924,                0.20472,                 0.2055,                 0.1417,                0.05475,                 2.5369,                 2.6539,                  2.116,             0.00059771,             0.00059771,             0.00059771
                     47,                 2.5221,                 2.6416,                  1.916,                0.27597,                0.18571,                0.12365,                0.04659,                  2.555,                 2.7322,                 2.1231,              0.0005939,              0.0005939,              0.0005939
                     48,                 2.5065,                 2.6317,                 1.9167,                0.28034,                0.20967,                0.13443,                0.05168,                 2.5355,                  2.653,                 2.1592,             0.00059009,             0.00059009,             0.00059009
                     49,                 2.5063,                 2.5989,                 1.8909,                0.32253,                0.17162,                0.14939,                0.05852,                 2.5267,                 2.6757,                 2.1318,             0.00058629,             0.00058629,             0.00058629
                     50,                   2.51,                 2.6243,                 1.9192,                0.26112,                0.18692,                0.13364,                0.05402,                 2.5349,                 2.6716,                 2.1249,             0.00058248,             0.00058248,             0.00058248
                     51,                  2.503,                 2.6191,                 1.9034,                0.26915,                 0.1876,                0.10546,                0.03671,                 2.5315,                 2.6603,                 2.0875,             0.00057867,             0.00057867,             0.00057867
                     52,                 2.5088,                 2.6054,                 1.9235,                0.28575,                0.19421,                0.13062,                0.04458,                 2.5216,                 2.6509,                 2.1233,             0.00057487,             0.00057487,             0.00057487
                     53,                 2.4608,                 2.5664,                  1.893,                0.29489,                0.19048,                0.14425,                0.05383,                 2.5118,                 2.6167,                 2.0945,             0.00057106,             0.00057106,             0.00057106
                     54,                 2.4949,                 2.5685,                 1.8844,                 0.2889,                0.19527,                0.13355,                0.04926,                 2.5292,                  2.629,                 2.0841,             0.00056725,             0.00056725,             0.00056725
                     55,                 2.4767,                 2.5757,                 1.8859,                0.34321,                 0.1915,                0.14389,                0.05108,                 2.5322,                 2.6435,                 2.0876,             0.00056345,             0.00056345,             0.00056345
                     56,                 2.4647,                 2.5353,                  1.876,                0.39044,                0.18386,                0.13058,                0.04564,                 2.5108,                 2.6269,                 2.1211,             0.00055964,             0.00055964,             0.00055964
                     57,                 2.4697,                 2.5522,                 1.8897,                0.31895,                0.21117,                0.14966,                0.05485,                 2.5022,                 2.6108,                 2.1144,             0.00055583,             0.00055583,             0.00055583
                     58,                 2.4791,                 2.5456,                 1.8877,                0.29824,                0.22562,                0.15595,                  0.058,                 2.5122,                 2.5975,                 2.1238,             0.00055203,             0.00055203,             0.00055203
                     59,                 2.4598,                 2.5411,                 1.8825,                0.31155,                0.20171,                0.13756,                0.04812,                 2.5061,                 2.6188,                 2.0849,             0.00054822,             0.00054822,             0.00054822
                     60,                 2.4491,                 2.5363,                 1.8833,                0.25791,                0.21343,                0.13892,                0.05037,                 2.5095,                 2.6246,                 2.0936,             0.00054441,             0.00054441,             0.00054441
                     61,                 2.4707,                 2.5549,                 1.8601,                0.28469,                0.19932,                 0.1423,                0.05223,                 2.5497,                 2.6645,                 2.0916,             0.00054061,             0.00054061,             0.00054061
                     62,                 2.4584,                 2.5155,                 1.8529,                0.34316,                0.19197,                0.13865,                0.05017,                 2.4936,                  2.622,                 2.0699,              0.0005368,              0.0005368,              0.0005368
                     63,                 2.4274,                 2.5286,                 1.8699,                0.31948,                0.20871,                0.15499,                0.05207,                 2.5374,                 2.5816,                 2.1017,             0.00053299,             0.00053299,             0.00053299
                     64,                 2.4502,                 2.5384,                 1.8756,                0.31281,                0.20945,                0.16618,                0.06321,                 2.4866,                 2.5938,                 2.0537,             0.00052919,             0.00052919,             0.00052919
                     65,                 2.4542,                 2.5335,                 1.8733,                0.30946,                0.21679,                0.18939,                0.07234,                 2.5021,                 2.5881,                 2.0952,             0.00052538,             0.00052538,             0.00052538
                     66,                 2.4243,                 2.4616,                 1.8291,                0.30857,                0.22357,                0.16554,                0.06537,                 2.4864,                 2.5828,                 2.0616,             0.00052157,             0.00052157,             0.00052157
                     67,                 2.4406,                 2.5029,                   1.85,                0.28836,                0.18074,                0.13627,                0.05201,                 2.5061,                 2.6328,                 2.0813,             0.00051777,             0.00051777,             0.00051777
                     68,                 2.4377,                 2.4973,                 1.8679,                 0.2998,                0.22471,                0.16319,                0.06589,                 2.5102,                 2.5928,                 2.1189,             0.00051396,             0.00051396,             0.00051396
                     69,                 2.4098,                 2.4634,                  1.838,                0.31763,                0.21761,                0.19112,                0.08486,                 2.4975,                 2.5483,                 2.0803,             0.00051015,             0.00051015,             0.00051015
                     70,                 2.4253,                 2.5312,                 1.8578,                0.19706,                 0.2376,                0.18019,                0.06875,                  2.493,                 2.6134,                 2.0762,             0.00050635,             0.00050635,             0.00050635
                     71,                 2.4103,                 2.4625,                 1.8418,                0.19324,                0.25943,                0.19823,                0.08483,                 2.5203,                 2.5567,                 2.1085,             0.00050254,             0.00050254,             0.00050254
                     72,                 2.4242,                 2.4773,                 1.8477,                0.21009,                0.24744,                0.16185,                0.06329,                 2.5094,                 2.5654,                 2.0816,             0.00049873,             0.00049873,             0.00049873
                     73,                 2.4097,                 2.4881,                   1.84,                0.19429,                0.24567,                0.17895,                0.06922,                  2.496,                 2.5702,                 2.0904,             0.00049493,             0.00049493,             0.00049493
                     74,                  2.432,                 2.4637,                 1.8391,                0.19137,                0.26231,                0.15973,                0.06083,                 2.5205,                 2.5777,                 2.1033,             0.00049112,             0.00049112,             0.00049112
                     75,                 2.4172,                 2.4395,                 1.8241,                0.26282,                0.25781,                0.20055,                 0.0816,                 2.5007,                   2.57,                 2.0873,             0.00048732,             0.00048732,             0.00048732
                     76,                 2.4089,                 2.4332,                 1.8107,                0.18821,                0.22283,                0.16137,                0.06272,                 2.4679,                 2.5737,                 2.0905,             0.00048351,             0.00048351,             0.00048351
                     77,                 2.3987,                 2.4226,                 1.8063,                0.21348,                0.20374,                0.14653,                0.05463,                 2.5055,                 2.5677,                 2.0745,              0.0004797,              0.0004797,              0.0004797
                     78,                 2.3897,                 2.4331,                 1.8217,                0.35596,                0.19055,                0.16974,                0.06037,                 2.4949,                 2.6089,                 2.0902,              0.0004759,              0.0004759,              0.0004759
                     79,                 2.3947,                 2.4458,                 1.8249,                0.35244,                0.18979,                0.17119,                0.06345,                 2.5062,                 2.5715,                 2.0842,             0.00047209,             0.00047209,             0.00047209
                     80,                 2.3829,                 2.3978,                 1.7999,                0.31854,                0.22287,                0.21814,                0.08823,                 2.4971,                  2.559,                 2.0893,             0.00046828,             0.00046828,             0.00046828
                     81,                 2.3607,                 2.3875,                 1.7991,                0.18572,                0.23801,                0.16901,                0.06285,                 2.4932,                 2.5474,                 2.0686,             0.00046448,             0.00046448,             0.00046448
                     82,                 2.3902,                 2.4179,                 1.8168,                0.32637,                0.22308,                0.17223,                0.06407,                 2.4896,                   2.56,                 2.0772,             0.00046067,             0.00046067,             0.00046067
                     83,                  2.391,                 2.4129,                 1.8084,                0.21193,                0.26546,                0.17329,                0.06323,                  2.506,                 2.5565,                 2.0648,             0.00045686,             0.00045686,             0.00045686
                     84,                 2.3915,                 2.3798,                 1.8071,                0.23349,                 0.2023,                0.16903,                0.06311,                 2.5061,                 2.5467,                 2.0811,             0.00045306,             0.00045306,             0.00045306
                     85,                 2.3668,                  2.422,                 1.7921,                0.19809,                0.22004,                0.18794,                0.06776,                 2.4892,                 2.5422,                  2.057,             0.00044925,             0.00044925,             0.00044925
                     86,                 2.3708,                 2.4035,                 1.8047,                 0.2205,                0.25303,                0.18625,                0.07219,                 2.4993,                 2.5278,                 2.0745,             0.00044544,             0.00044544,             0.00044544
                     87,                 2.3898,                 2.3959,                 1.7994,                0.22941,                0.20746,                0.17904,                0.06797,                 2.5067,                 2.5215,                 2.0803,             0.00044164,             0.00044164,             0.00044164
                     88,                 2.3687,                 2.4002,                 1.8026,                0.27923,                0.24233,                0.17379,                0.06675,                 2.5057,                 2.5618,                  2.086,             0.00043783,             0.00043783,             0.00043783
                     89,                 2.3646,                 2.3933,                 1.8103,                0.20364,                0.21357,                0.17485,                0.06409,                 2.4968,                 2.5643,                  2.073,             0.00043402,             0.00043402,             0.00043402
                     90,                 2.3568,                 2.3757,                 1.7896,                0.22586,                0.20099,                0.16877,                 0.0596,                 2.5046,                 2.5419,                 2.0818,             0.00043022,             0.00043022,             0.00043022
                     91,                 2.3546,                  2.363,                  1.783,                0.17265,                0.23171,                0.18478,                0.07287,                 2.4922,                 2.4997,                 2.0708,             0.00042641,             0.00042641,             0.00042641
                     92,                 2.3646,                 2.3472,                 1.7772,                0.28473,                0.18564,                0.17629,                0.06892,                 2.5006,                 2.5461,                 2.0653,              0.0004226,              0.0004226,              0.0004226
                     93,                 2.3523,                 2.3825,                 1.7957,                0.24228,                0.20054,                0.17557,                0.06703,                 2.4991,                 2.5306,                 2.0849,              0.0004188,              0.0004188,              0.0004188
                     94,                 2.3624,                 2.3379,                 1.7741,                0.27527,                0.24278,                0.19588,                0.07592,                 2.4914,                 2.5159,                 2.0575,             0.00041499,             0.00041499,             0.00041499
                     95,                 2.3328,                 2.3186,                 1.7536,                0.24073,                0.27786,                0.17767,                0.06943,                 2.4911,                  2.535,                 2.0764,             0.00041118,             0.00041118,             0.00041118
                     96,                 2.3521,                   2.37,                 1.7861,                0.26724,                0.25121,                 0.1825,                0.07084,                 2.4947,                 2.5302,                 2.0845,             0.00040738,             0.00040738,             0.00040738
                     97,                 2.3475,                 2.3331,                 1.7874,                0.22941,                0.22728,                0.16463,                0.06253,                 2.5095,                 2.5635,                 2.1042,             0.00040357,             0.00040357,             0.00040357
                     98,                 2.3462,                 2.3581,                 1.8028,                0.24275,                0.23295,                0.19498,                0.07544,                 2.4789,                 2.5216,                   2.07,             0.00039976,             0.00039976,             0.00039976
                     99,                 2.3427,                 2.2966,                 1.7506,                0.22557,                0.26357,                0.19395,                0.07643,                 2.5105,                 2.5136,                 2.0894,             0.00039596,             0.00039596,             0.00039596
                    100,                 2.3366,                 2.3314,                 1.7766,                0.22205,                0.23827,                0.18846,                0.07069,                 2.5074,                 2.5329,                 2.0813,             0.00039215,             0.00039215,             0.00039215
                    101,                 2.3252,                 2.2915,                 1.7538,                0.22752,                0.26241,                0.17593,                0.06801,                 2.5025,                 2.5304,                 2.0774,             0.00038835,             0.00038835,             0.00038835
                    102,                  2.318,                 2.2894,                 1.7536,                0.21628,                0.27327,                0.17646,                0.06558,                 2.5246,                 2.5184,                 2.0895,             0.00038454,             0.00038454,             0.00038454
                    103,                 2.3292,                   2.32,                 1.7732,                0.22636,                 0.2106,                0.18659,                 0.0669,                 2.5097,                 2.5113,                 2.0644,             0.00038073,             0.00038073,             0.00038073
                    104,                 2.3296,                 2.2731,                 1.7488,                0.23012,                0.26117,                0.19291,                0.07202,                 2.5135,                 2.5251,                 2.0927,             0.00037693,             0.00037693,             0.00037693
                    105,                 2.3244,                 2.2951,                 1.7648,                0.27859,                 0.2112,                0.19145,                0.07407,                 2.4972,                  2.517,                 2.0772,             0.00037312,             0.00037312,             0.00037312
                    106,                 2.3281,                 2.2966,                 1.7844,                0.22256,                0.30152,                0.18286,                0.07474,                  2.499,                 2.4976,                 2.0677,             0.00036931,             0.00036931,             0.00036931
                    107,                 2.3008,                 2.2789,                 1.7532,                0.21834,                0.28141,                0.18482,                 0.0685,                 2.5017,                 2.5225,                 2.0752,             0.00036551,             0.00036551,             0.00036551
                    108,                 2.3133,                 2.2611,                 1.7447,                0.22897,                0.33596,                0.20028,                0.07755,                 2.5167,                 2.5057,                  2.079,              0.0003617,              0.0003617,              0.0003617
                    109,                 2.3117,                 2.2817,                 1.7606,                0.23544,                0.22928,                0.18357,                0.07095,                 2.5149,                 2.5149,                 2.0939,             0.00035789,             0.00035789,             0.00035789
                    110,                 2.3156,                 2.2536,                 1.7468,                0.25185,                0.28711,                0.19557,                0.07919,                 2.5099,                 2.5091,                 2.0878,             0.00035409,             0.00035409,             0.00035409
                    111,                 2.3028,                 2.2613,                 1.7486,                0.20479,                0.28043,                0.19078,                 0.0747,                  2.517,                 2.5255,                 2.0775,             0.00035028,             0.00035028,             0.00035028
                    112,                 2.3213,                 2.2615,                  1.751,                0.27027,                0.25077,                0.19056,                0.07625,                 2.5173,                 2.4922,                 2.0812,             0.00034647,             0.00034647,             0.00034647
                    113,                 2.2813,                 2.2562,                 1.7358,                0.24134,                0.22702,                0.18614,                0.07246,                 2.5174,                 2.5336,                 2.0886,             0.00034267,             0.00034267,             0.00034267
                    114,                 2.2965,                 2.2324,                 1.7488,                0.24206,                0.26286,                0.19656,                0.07824,                 2.5177,                 2.4969,                 2.0964,             0.00033886,             0.00033886,             0.00033886
                    115,                 2.2965,                 2.2345,                 1.7545,                0.26479,                0.21336,                0.18133,                0.06695,                 2.5441,                 2.5577,                 2.1288,             0.00033505,             0.00033505,             0.00033505
                    116,                 2.3036,                  2.246,                 1.7324,                0.27626,                0.25526,                0.19307,                0.07433,                 2.5128,                 2.5059,                 2.0977,             0.00033125,             0.00033125,             0.00033125
                    117,                 2.3046,                 2.2205,                 1.7277,                0.23333,                0.24604,                 0.1938,                0.07775,                 2.5278,                 2.4955,                 2.1004,             0.00032744,             0.00032744,             0.00032744
                    118,                 2.2863,                  2.223,                 1.7245,                0.31375,                0.24877,                0.19878,                0.07842,                 2.5139,                 2.5255,                 2.1006,             0.00032363,             0.00032363,             0.00032363
                    119,                 2.2904,                 2.2396,                 1.7348,                0.24565,                0.26771,                0.19348,                0.07691,                 2.5347,                  2.508,                 2.1088,             0.00031983,             0.00031983,             0.00031983
                    120,                 2.2673,                 2.2206,                  1.731,                0.24236,                0.25786,                0.18649,                0.07429,                 2.5345,                 2.5149,                 2.1143,             0.00031602,             0.00031602,             0.00031602
                    121,                 2.2817,                 2.2043,                 1.7157,                0.22292,                0.25675,                0.20704,                 0.0837,                 2.5301,                 2.4933,                  2.102,             0.00031221,             0.00031221,             0.00031221
                    122,                 2.2794,                 2.2219,                 1.7397,                0.27335,                0.25369,                0.20088,                0.08132,                 2.5387,                  2.495,                 2.0999,             0.00030841,             0.00030841,             0.00030841
                    123,                 2.2744,                 2.2026,                 1.7266,                0.29695,                0.23219,                0.19434,                0.07923,                 2.5342,                 2.4937,                 2.1131,              0.0003046,              0.0003046,              0.0003046
                    124,                 2.2705,                  2.178,                 1.7144,                 0.2699,                0.26607,                0.20886,                0.08751,                 2.5237,                 2.4906,                 2.1108,             0.00030079,             0.00030079,             0.00030079
                    125,                 2.2838,                 2.2033,                  1.723,                0.25085,                0.26743,                0.20538,                0.07903,                 2.5303,                 2.4928,                 2.0969,             0.00029699,             0.00029699,             0.00029699
                    126,                 2.2651,                 2.2031,                 1.7288,                0.27135,                0.26074,                0.19827,                0.07634,                 2.5327,                 2.4914,                 2.1066,             0.00029318,             0.00029318,             0.00029318
                    127,                 2.2694,                 2.1671,                 1.6964,                0.25804,                0.27266,                0.22731,                0.09646,                 2.5419,                 2.4967,                  2.118,             0.00028937,             0.00028937,             0.00028937
                    128,                 2.2475,                 2.1802,                  1.707,                0.30029,                0.26466,                0.22858,                0.10097,                 2.5426,                  2.501,                 2.1033,             0.00028557,             0.00028557,             0.00028557
                    129,                 2.2518,                 2.1764,                 1.6966,                0.25665,                0.27893,                0.21196,                0.08946,                 2.5332,                 2.4962,                 2.1029,             0.00028176,             0.00028176,             0.00028176
                    130,                 2.2517,                 2.1791,                 1.7154,                0.23826,                0.32748,                0.19723,                0.07404,                 2.5292,                   2.52,                 2.1149,             0.00027796,             0.00027796,             0.00027796
                    131,                 2.2591,                 2.1507,                 1.7043,                0.29386,                0.25525,                 0.2059,                 0.0833,                  2.539,                 2.5007,                 2.1086,             0.00027415,             0.00027415,             0.00027415
                    132,                 2.2719,                 2.1658,                 1.7108,                0.26526,                0.25942,                 0.2072,                0.08497,                 2.5356,                 2.4966,                 2.1074,             0.00027034,             0.00027034,             0.00027034
                    133,                  2.237,                 2.1467,                 1.7083,                0.29182,                0.26068,                  0.211,                0.08291,                 2.5501,                 2.4987,                 2.1259,             0.00026654,             0.00026654,             0.00026654
                    134,                  2.247,                 2.1791,                 1.7214,                0.22233,                0.28421,                0.19692,                0.07504,                 2.5357,                 2.5052,                  2.113,             0.00026273,             0.00026273,             0.00026273
                    135,                 2.2315,                 2.1372,                 1.6954,                0.27919,                0.25158,                0.19661,                0.07341,                 2.5354,                 2.4953,                 2.1265,             0.00025892,             0.00025892,             0.00025892
                    136,                 2.2533,                 2.1522,                 1.7048,                0.29912,                0.24795,                0.20525,                0.08116,                 2.5375,                 2.4923,                 2.1264,             0.00025512,             0.00025512,             0.00025512
                    137,                 2.2529,                 2.1394,                 1.6987,                0.30209,                 0.2559,                0.20514,                0.07606,                 2.5437,                 2.4914,                 2.1169,             0.00025131,             0.00025131,             0.00025131
                    138,                 2.2331,                 2.1311,                  1.699,                0.26196,                0.27097,                0.20361,                0.08532,                 2.5591,                 2.4927,                  2.135,              0.0002475,              0.0002475,              0.0002475
                    139,                 2.2303,                 2.1027,                 1.6928,                0.29545,                0.25495,                0.19943,                0.08175,                 2.5621,                 2.4896,                 2.1237,              0.0002437,              0.0002437,              0.0002437
                    140,                 2.2423,                 2.1263,                 1.6908,                0.26369,                0.27618,                0.20476,                0.08223,                 2.5502,                 2.4895,                 2.1383,             0.00023989,             0.00023989,             0.00023989
                    141,                 2.2441,                 2.1496,                 1.7044,                0.27649,                 0.2589,                 0.2016,                0.08171,                 2.5421,                 2.5048,                 2.1238,             0.00023608,             0.00023608,             0.00023608
                    142,                 2.2181,                 2.1299,                 1.6926,                0.24792,                0.24471,                0.19639,                0.07696,                  2.562,                 2.5094,                 2.1413,             0.00023228,             0.00023228,             0.00023228
                    143,                 2.2155,                 2.1037,                 1.6838,                0.28963,                 0.2457,                0.19714,                  0.077,                 2.5518,                 2.4944,                 2.1355,             0.00022847,             0.00022847,             0.00022847
                    144,                 2.2372,                  2.122,                 1.6912,                0.29799,                0.25181,                0.21415,                0.08648,                 2.5524,                 2.4915,                 2.1349,             0.00022466,             0.00022466,             0.00022466
                    145,                 2.1946,                  2.086,                 1.6626,                0.31375,                0.23846,                0.19979,                 0.0819,                 2.5538,                 2.4997,                 2.1249,             0.00022086,             0.00022086,             0.00022086
                    146,                 2.2192,                 2.1025,                 1.6725,                0.24816,                 0.2744,                 0.2005,                0.07886,                 2.5598,                 2.4963,                 2.1278,             0.00021705,             0.00021705,             0.00021705
                    147,                 2.2309,                 2.1305,                 1.6877,                 0.3153,                 0.2467,                 0.2335,                0.10343,                 2.5691,                 2.5154,                 2.1208,             0.00021324,             0.00021324,             0.00021324
                    148,                 2.1751,                 2.0949,                 1.6801,                0.27907,                0.25862,                0.20153,                0.07914,                 2.5678,                 2.5116,                 2.1326,             0.00020944,             0.00020944,             0.00020944
                    149,                 2.2061,                 2.0673,                 1.6625,                0.22715,                0.33066,                0.20439,                0.08018,                 2.5624,                  2.521,                 2.1347,             0.00020563,             0.00020563,             0.00020563
                    150,                 2.2048,                 2.0818,                 1.6647,                0.25902,                0.30928,                0.20318,                0.08194,                 2.5635,                 2.5106,                 2.1391,             0.00020182,             0.00020182,             0.00020182
                    151,                 2.2017,                 2.0907,                 1.6821,                0.27771,                0.25228,                0.19454,                0.07691,                 2.5722,                 2.5177,                 2.1309,             0.00019802,             0.00019802,             0.00019802
                    152,                 2.2094,                 2.0882,                 1.6862,                0.31906,                0.24817,                0.20377,                0.07878,                 2.5728,                 2.5092,                 2.1441,             0.00019421,             0.00019421,             0.00019421
                    153,                 2.2104,                 2.1048,                 1.6831,                0.28912,                0.23553,                0.20096,                0.07901,                 2.5641,                 2.5107,                 2.1384,              0.0001904,              0.0001904,              0.0001904
                    154,                 2.2108,                 2.0693,                  1.671,                0.31187,                0.24774,                0.21015,                0.08049,                  2.564,                 2.5098,                 2.1369,              0.0001866,              0.0001866,              0.0001866
                    155,                  2.225,                 2.0635,                 1.6662,                  0.312,                0.23992,                0.19969,                0.08014,                 2.5663,                 2.5192,                 2.1492,             0.00018279,             0.00018279,             0.00018279
                    156,                  2.191,                 2.0791,                 1.6724,                0.28348,                   0.26,                0.21156,                0.08269,                 2.5722,                 2.5109,                  2.142,             0.00017898,             0.00017898,             0.00017898
                    157,                 2.1961,                 2.0893,                 1.6798,                0.29721,                0.24655,                0.20312,                0.08096,                 2.5715,                 2.4998,                 2.1511,             0.00017518,             0.00017518,             0.00017518
                    158,                 2.2188,                 2.0457,                 1.6643,                0.28136,                 0.2611,                0.19787,                0.07814,                 2.5811,                 2.5171,                  2.158,             0.00017137,             0.00017137,             0.00017137
                    159,                 2.2042,                 2.0646,                 1.6713,                0.29131,                0.25543,                0.20352,                0.07976,                 2.5703,                 2.5232,                 2.1374,             0.00016757,             0.00016757,             0.00016757
                    160,                  2.208,                 2.0433,                   1.66,                0.28362,                0.25286,                0.20394,                0.08055,                 2.5734,                 2.5111,                 2.1414,             0.00016376,             0.00016376,             0.00016376
                    161,                 2.2106,                 2.0726,                 1.6611,                0.28274,                0.25929,                0.23453,                 0.1032,                 2.5638,                  2.503,                 2.1409,             0.00015995,             0.00015995,             0.00015995
                    162,                 2.1825,                 2.0321,                 1.6674,                0.27397,                0.26899,                0.23287,                0.10139,                 2.5697,                 2.5037,                 2.1237,             0.00015615,             0.00015615,             0.00015615
                    163,                 2.1981,                 2.0456,                 1.6589,                0.27966,                0.24908,                0.21518,                0.09001,                 2.5715,                  2.504,                 2.1406,             0.00015234,             0.00015234,             0.00015234
                    164,                 2.1824,                 2.0384,                 1.6544,                0.29025,                0.24674,                0.21174,                0.08475,                 2.5769,                 2.5123,                 2.1449,             0.00014853,             0.00014853,             0.00014853
                    165,                  2.194,                 2.0547,                 1.6625,                0.29054,                0.24973,                0.21127,                0.08854,                 2.5793,                 2.5035,                 2.1515,             0.00014473,             0.00014473,             0.00014473
                    166,                 2.1733,                 2.0199,                 1.6487,                0.28991,                0.24988,                0.20886,                0.08649,                 2.5747,                 2.5097,                 2.1535,             0.00014092,             0.00014092,             0.00014092
                    167,                 2.1724,                  2.031,                 1.6554,                0.28987,                0.25478,                0.19747,                0.08004,                 2.5791,                 2.5187,                 2.1555,             0.00013711,             0.00013711,             0.00013711
                    168,                 2.1567,                 2.0032,                 1.6434,                0.29528,                0.25604,                0.23011,                0.10069,                 2.5837,                 2.5157,                 2.1623,             0.00013331,             0.00013331,             0.00013331
                    169,                 2.1821,                 2.0439,                 1.6609,                0.29754,                 0.2465,                0.22604,                0.09786,                 2.5856,                 2.5152,                 2.1686,              0.0001295,              0.0001295,              0.0001295
                    170,                 2.1618,                 2.0033,                 1.6508,                0.28111,                 0.2568,                0.23373,                0.09739,                 2.5827,                 2.5244,                 2.1603,             0.00012569,             0.00012569,             0.00012569
                    171,                 2.1655,                 2.0135,                 1.6573,                0.32288,                0.23767,                0.23602,                0.10099,                 2.5854,                 2.5215,                 2.1637,             0.00012189,             0.00012189,             0.00012189
                    172,                 2.1767,                 2.0082,                 1.6399,                0.27856,                0.26813,                0.21224,                0.08609,                 2.5879,                 2.5282,                 2.1652,             0.00011808,             0.00011808,             0.00011808
                    173,                  2.172,                 2.0065,                 1.6389,                0.31533,                0.23753,                 0.2294,                 0.0974,                  2.599,                 2.5167,                  2.168,             0.00011427,             0.00011427,             0.00011427
                    174,                 2.1709,                 1.9766,                 1.6253,                0.27511,                0.26585,                 0.2304,                0.09799,                 2.5922,                 2.5152,                 2.1656,             0.00011047,             0.00011047,             0.00011047
                    175,                 2.1691,                 1.9944,                  1.635,                0.26987,                0.26134,                0.23483,                0.10104,                 2.5981,                 2.5142,                 2.1744,             0.00010666,             0.00010666,             0.00010666
                    176,                 2.1553,                 2.0174,                 1.6388,                0.30363,                0.25186,                  0.236,                0.10115,                  2.593,                 2.5315,                 2.1701,             0.00010285,             0.00010285,             0.00010285
                    177,                 2.1623,                 1.9716,                 1.6212,                0.30453,                 0.2711,                0.23738,                0.09894,                 2.5874,                 2.5231,                 2.1605,             9.9047e-05,             9.9047e-05,             9.9047e-05
                    178,                 2.1454,                 1.9757,                 1.6327,                0.27233,                0.27108,                0.23486,                0.09725,                 2.5871,                 2.5229,                 2.1545,             9.5241e-05,             9.5241e-05,             9.5241e-05
                    179,                 2.1643,                 2.0123,                 1.6574,                0.29526,                 0.2632,                 0.2312,                0.09894,                 2.5928,                 2.5203,                 2.1688,             9.1434e-05,             9.1434e-05,             9.1434e-05
                    180,                 2.1519,                 1.9909,                 1.6375,                0.27026,                0.27413,                0.23376,                0.10094,                 2.5919,                  2.527,                 2.1709,             8.7628e-05,             8.7628e-05,             8.7628e-05
                    181,                 2.1541,                 1.9877,                 1.6359,                0.28513,                0.27564,                0.23662,                 0.1025,                 2.5829,                 2.5171,                 2.1615,             8.3821e-05,             8.3821e-05,             8.3821e-05
                    182,                  2.145,                 2.0109,                 1.6418,                0.28477,                0.26699,                0.23832,                0.09995,                 2.5853,                 2.5189,                 2.1609,             8.0014e-05,             8.0014e-05,             8.0014e-05
                    183,                 2.1611,                 1.9771,                 1.6314,                0.31676,                0.24271,                0.23733,                0.10399,                 2.5867,                 2.5198,                 2.1684,             7.6208e-05,             7.6208e-05,             7.6208e-05
                    184,                 2.1457,                 1.9792,                 1.6247,                0.27446,                0.26901,                0.23875,                0.10515,                 2.5869,                 2.5093,                 2.1669,             7.2401e-05,             7.2401e-05,             7.2401e-05
                    185,                 2.1518,                 1.9607,                 1.6291,                0.30329,                0.25233,                0.23839,                0.10427,                  2.591,                 2.5166,                 2.1728,             6.8595e-05,             6.8595e-05,             6.8595e-05
                    186,                 2.1591,                 1.9678,                 1.6258,                0.31388,                0.25561,                0.23703,                0.10219,                 2.5968,                 2.5201,                 2.1793,             6.4788e-05,             6.4788e-05,             6.4788e-05
                    187,                 2.1545,                 1.9926,                 1.6398,                0.28415,                0.27189,                0.21851,                0.09006,                 2.5903,                   2.53,                 2.1745,             6.0982e-05,             6.0982e-05,             6.0982e-05
                    188,                  2.146,                 1.9746,                 1.6413,                0.30441,                0.26487,                0.21572,                0.08953,                 2.5922,                 2.5305,                 2.1761,             5.7175e-05,             5.7175e-05,             5.7175e-05
                    189,                 2.1331,                 1.9654,                 1.6292,                0.29102,                0.25865,                 0.2134,                 0.0917,                  2.601,                 2.5332,                  2.179,             5.3369e-05,             5.3369e-05,             5.3369e-05
                    190,                 2.1562,                 1.9667,                 1.6182,                0.30317,                0.26552,                0.23429,                0.10115,                 2.5994,                 2.5276,                 2.1796,             4.9562e-05,             4.9562e-05,             4.9562e-05
                    191,                 2.1326,                 1.9161,                 1.6661,                0.29711,                0.26589,                0.23317,                0.10238,                 2.5966,                 2.5279,                 2.1692,             4.5756e-05,             4.5756e-05,             4.5756e-05
                    192,                 2.1262,                 1.9117,                 1.6665,                0.28659,                0.26195,                0.23404,                0.10095,                 2.6024,                  2.533,                  2.173,             4.1949e-05,             4.1949e-05,             4.1949e-05
                    193,                 2.1238,                 1.8835,                 1.6631,                 0.3056,                0.25621,                0.23651,                0.10165,                 2.6059,                 2.5284,                 2.1796,             3.8142e-05,             3.8142e-05,             3.8142e-05
                    194,                  2.101,                  1.869,                 1.6502,                0.30679,                0.25864,                0.23887,                0.10374,                 2.6023,                 2.5315,                 2.1794,             3.4336e-05,             3.4336e-05,             3.4336e-05
                    195,                 2.1019,                 1.8692,                  1.651,                0.27921,                0.25993,                0.23553,                0.10358,                 2.6053,                 2.5331,                 2.1831,             3.0529e-05,             3.0529e-05,             3.0529e-05
                    196,                 2.1149,                 1.8718,                 1.6458,                0.29457,                0.26127,                0.23658,                0.10434,                 2.6071,                  2.531,                 2.1844,             2.6723e-05,             2.6723e-05,             2.6723e-05
                    197,                 2.1045,                 1.8655,                 1.6513,                0.28994,                0.26122,                0.23672,                0.10287,                 2.6045,                 2.5277,                 2.1842,             2.2916e-05,             2.2916e-05,             2.2916e-05
                    198,                 2.1141,                 1.8707,                 1.6508,                0.28397,                0.26061,                0.23753,                 0.1041,                  2.603,                 2.5317,                 2.1853,              1.911e-05,              1.911e-05,              1.911e-05
                    199,                 2.0982,                 1.8579,                 1.6449,                0.29634,                0.26054,                0.23589,                0.10304,                 2.6008,                 2.5277,                 2.1846,             1.5303e-05,             1.5303e-05,             1.5303e-05
                    200,                 2.0924,                 1.8408,                 1.6326,                0.28559,                0.27049,                0.23553,                0.10296,                 2.6021,                 2.5345,                 2.1863,             1.1497e-05,             1.1497e-05,             1.1497e-05
